{
  "coin": "SOL",
  "source": "Kraken /0/public/Depth (pair=SOLUSD)",
  "fetched_at": "2026-07-20T12:28:31Z",
  "best_bid": 76.81,
  "best_ask": 76.82,
  "mid_price": 76.815,
  "spread_bps": 1.3018290698419457,
  "bid_depth_usd_1pct": 3337509.29691,
  "ask_depth_usd_1pct": 2810779.33451,
  "depth_usd_1pct_total": 6148288.6314199995
}